ID,type,subtype,date,year,month,day,hour,georef,district,municipali,parish,DICOFREG,source,sourcedate,sourcetype,page,fatalities,injured,evacuated,displaced,missing,relevance_score,evento_nome
4dc6bb377112de0b10cecba86491046d,Other,Other,25/03/2025,2025,3,25,07:00,mora,Évora,Mora,mora,70703.0,sicnoticias,2025-05-24,web,https://sicnoticias.pt/pais/2025-03-25-chuva-e-descarga-de-barragens-destruiu-culturas-de-batatas-tomates-e-morangos--d761c1b0,0,0,0,0,0,1,desconhecido
51dff00e7adcabe4230ed38e28a1dcef,Other,Other,01/04/2025,2025,4,1,07:00,avis,Portalegre,Avis,avis,120303.0,sicnoticias,2025-05-24,web,https://sicnoticias.pt/meteorologia/2025-04-01-chuva-e-vento-fortes-estao-de-volta-e-a-culpada-e-a-depressao-nuria-9bb60570,0,0,0,0,0,2,desconhecido
92bc53d9a7ccf85fbddfe0e11ab69d12,Other,Other,22/01/2025,2025,1,22,08:00,aveiro,Aveiro,Aveiro,aveiro,,sicnoticias,2025-05-24,web,https://sicnoticias.pt/meteorologia/2025-01-22-chuva-forte-protecao-civil-registou-71-ocorrencias-e-dois-feridos-durante-a-madrugada-b7defb5b,0,2,0,0,0,2,desconhecido
c825903a6aa653bdd3416ee18efc5894,Other,Other,14/03/2025,2025,3,14,07:00,castelo branco,Castelo Branco,Castelo Branco,castelo branco,200203.0,sicnoticias,2025-05-24,web,https://sicnoticias.pt/pais/2025-03-14-video-depois-da-tempestade-o-tempo-melhorou-na-serra-da-estrela-que-espera--muitos--turistas-este-fim-de-semana-2e85ad51,0,0,0,0,0,1,ana
441c6a59755e2edc28cf9923419e487b,Other,Other,19/01/2025,2025,1,19,08:00,avis,Portalegre,Avis,avis,120303.0,sicnoticias,2025-05-24,web,https://sicnoticias.pt/meteorologia/2025-01-19-chuva-forte-trovoada-e-granizo-depressao-garoe-chega-ao-continente-depois-de-passar-pela-madeira-e-acores-13fbbea7,0,0,0,0,0,1,desconhecido
d0451f3f105d2f6d223a664161f19957,Other,Other,03/03/2025,2025,3,3,08:00,faro,Faro,Faro,faro,,sicnoticias,2025-05-24,web,https://sicnoticias.pt/meteorologia/2025-03-03-video-queda-de-granizo-pinta-grande-lisboa-e-setubal-de-branco-e-causa-o-caos-na-a2-64003fe6,0,8,0,0,0,0,desconhecido
2fb63d136ee97f79435930cf231c0172,Landslide,desabamento,24/12/2024,2024,12,24,08:00,avis,Portalegre,Avis,avis,120303.0,sicnoticias,2025-05-24,web,https://sicnoticias.pt/meteorologia/2024-12-24-tempestade-com-ondas-de-18-metros-e-ventos-fortes-afeta-norte-da-california-24bd6729,0,0,0,0,0,2,desconhecido
33b31910a553c0dacf8f82277e7b4f8e,Flood,cheia,26/01/2025,2025,1,26,08:00,albufeira,Faro,Albufeira,albufeira,80101.0,sicnoticias,2025-05-24,web,https://sicnoticias.pt/meteorologia/2025-01-26-video-chuva-ameaca-provocar-cheias-no-tejo-autoridades-atentas-a-castelo-de-bode-31ab041f,0,0,0,0,0,1,desconhecido
f3e8850f2376e2c33cd085d47c8f8b80,Other,Other,12/04/2025,2025,4,12,07:00,beja,Beja,Beja,beja,,sicnoticias,2025-05-24,web,https://sicnoticias.pt/meteorologia/2025-04-12-chuva-provoca-mais-de-260-ocorrencias-maioria-nas-zonas-de-lisboa-e-beja-c9f534f2,0,0,0,0,0,1,desconhecido
ccfb3543aa3f8aa3adcb8f47f0172dca,Other,Other,07/04/2025,2025,4,7,07:00,aveiro,Aveiro,Aveiro,aveiro,,sicnoticias,2025-05-24,web,https://sicnoticias.pt/meteorologia/2025-04-07-subida-das-temperaturas-poeiras-do-saara-e-tempestade-olivier-saiba-como-vai-estar-o-tempo-nos-proximos-dias-04e46ca4,0,0,0,0,0,1,desconhecido
c9459f48ddf64353b12acba946e9cea9,Other,Other,06/01/2025,2025,1,6,08:00,lisboa,Lisboa,Lisboa,lisboa,,sicnoticias,2025-05-24,web,https://sicnoticias.pt/meteorologia/2025-01-06-video-registadas-mais-de-270-ocorrencias-devido-a-chuva-e-vento-fortes-db096205,0,0,0,0,0,2,desconhecido
7cc453f79be4374d66d58f30f71852ed,Other,Other,09/03/2025,2025,3,9,08:00,évora,Évora,Évora,évora,,sicnoticias,2025-05-24,web,https://sicnoticias.pt/meteorologia/2025-03-09-video-depressao-jana-deixa-duas-estradas-submersas-em-alcacer-do-sal-cae0b920,0,1,0,0,0,0,ana
ea416f7dec38f99cc8b5d025298dda05,Flood,cheia,18/04/2025,2025,4,18,07:00,guarda,Guarda,Guarda,guarda,,sicnoticias,2025-05-24,web,https://sicnoticias.pt/pais/2025-04-18-video-menos-camaras-mais-guarda-chuvas-turistas-desiludidos-com-o-tempo-em-lisboa-3bbc9cf1,0,0,0,0,0,1,desconhecido
1d4458fd448f51508ba4824258ef5aa1,Other,Other,24/03/2025,2025,3,24,07:00,silves,Faro,Silves,silves,81307.0,sicnoticias,2025-05-24,web,https://sicnoticias.pt/pais/2025-03-24-video-producao-de-citrinos-no-algarve-ficou-comprometida-devido-a-chuva-das-ultimas-semanas-9ee11d61,0,0,0,0,0,1,ana
4c7b6de0d53fcbbaaff18aa463232c59,Other,Other,26/04/2025,2025,4,26,07:00,lagos,Faro,Lagos,lagos,,sicnoticias,2025-05-24,web,https://sicnoticias.pt/meteorologia/2025-04-26-video-bom-tempo-nao-veio-para-ficar-chuva-regressa-na-proxima-semana-22b9c961,0,0,0,0,0,1,ana
d0e9da9cdced646d4fa2beb835d95f50,Other,Other,24/02/2025,2025,2,24,08:00,albufeira,Faro,Albufeira,albufeira,80101.0,sicnoticias,2025-05-24,web,https://sicnoticias.pt/pais/2025-02-24-video-chuva-ajudou-a-encher-boa-parte-das-barragens-algarvias-mas-no-barlavento-situacao-mantem-se-critica-00b55783,0,0,0,0,0,2,desconhecido
d12e77861fca596a6e16e5a2e4aa44e1,Flood,cheia,20/03/2025,2025,3,20,07:00,ourique,Beja,Ourique,ourique,21203.0,sicnoticias,2025-05-24,web,https://sicnoticias.pt/meteorologia/2025-03-20-video-depressao-martinho-registadas-milhares-de-ocorrencias-pelo-menos-oito-pessoas-ficaram-feridas-f4160a26,0,8,0,13,0,0,martinho
91e7eaf97a49c6e111400b95d901142b,Other,Other,20/03/2025,2025,3,20,07:00,ourique,Beja,Ourique,ourique,21203.0,sicnoticias,2025-05-24,web,https://sicnoticias.pt/meteorologia/2025-03-20-video-ruas-encerradas-comboios-paralisados-infraestruturas-por-terra-lisboa-sofre-com-a-depressao-martinho-dcfb7cde,0,6,0,15,0,0,martinho
f4ae9e545f7c57d2ba75cd4b0d4c4d34,Other,Other,29/03/2025,2025,3,29,07:00,mira,Coimbra,Mira,mira,60801.0,sicnoticias,2025-05-24,web,https://sicnoticias.pt/pais/2025-03-29-video-tempestade-martinho-destruiu-um-dos-simbolos-de-arquitetura-de-moimenta-da-beira-447ef7ce,0,0,0,0,0,1,martinho
8df60252cc0c3c15446da991803810b4,Other,Other,12/01/2025,2025,1,12,08:00,évora,Évora,Évora,évora,,sicnoticias,2025-05-24,web,https://sicnoticias.pt/pais/2025-01-12-video-agricultores-da-zona-de-evora-dizem-estar-otimistas-com-a-chuva-que-pode-cair-em-janeiro-495bd52c,0,0,0,0,0,1,desconhecido
7c816c68ec3f961cec51f7813b7946df,Other,Other,08/12/2024,2024,12,8,08:00,águeda,Aveiro,Águeda,águeda,10104.0,sicnoticias,2025-05-25,web,https://sicnoticias.pt/programas/reportagemespecial/2024-12-08-video-presos-as-cinzas-a-floresta-parece-regenerar-mais-facilmente-do-que-aqueles-a-quem-o-fogo-suspendeu-a-vida-622d93f4,9,0,0,0,0,0,desconhecido
faaf4f00c9c473a1b5ec07f2161e77a2,Other,Other,09/01/2025,2025,1,9,08:00,braga,Braga,Braga,braga,,sicnoticias,2025-05-25,web,https://sicnoticias.pt/pais/2025-01-09-video-temporal-provocou-estragos-em-arquivo-e-oficina-de-informatica-de-escola-em-viana-do-castelo-0f87b173,0,0,0,0,0,1,ana
